"ack__-","version__-","timestamp__-","searchResult__@count","searchResult__item__itemId__-","searchResult__item__title__-","searchResult__item__globalId__-","searchResult__item__primaryCategory__categoryId__-","searchResult__item__primaryCategory__categoryName__-","searchResult__item__galleryURL__-","searchResult__item__viewItemURL__-","searchResult__item__paymentMethod__-","searchResult__item__autoPay__-","searchResult__item__postalCode__-","searchResult__item__location__-","searchResult__item__country__-","searchResult__item__shippingInfo__shippingServiceCost__@currencyId","searchResult__item__shippingInfo__shippingServiceCost____value__","searchResult__item__shippingInfo__shippingType__-","searchResult__item__shippingInfo__shipToLocations__-","searchResult__item__shippingInfo__expeditedShipping__-","searchResult__item__shippingInfo__oneDayShippingAvailable__-","searchResult__item__shippingInfo__handlingTime__-","searchResult__item__sellingStatus__currentPrice__@currencyId","searchResult__item__sellingStatus__currentPrice____value__","searchResult__item__sellingStatus__convertedCurrentPrice__@currencyId","searchResult__item__sellingStatus__convertedCurrentPrice____value__","searchResult__item__sellingStatus__sellingState__-","searchResult__item__sellingStatus__timeLeft__-","searchResult__item__listingInfo__bestOfferEnabled__-","searchResult__item__listingInfo__buyItNowAvailable__-","searchResult__item__listingInfo__startTime__-","searchResult__item__listingInfo__endTime__-","searchResult__item__listingInfo__listingType__-","searchResult__item__listingInfo__gift__-","searchResult__item__listingInfo__watchCount__-","searchResult__item__returnsAccepted__-","searchResult__item__condition__conditionId__-","searchResult__item__condition__conditionDisplayName__-","searchResult__item__isMultiVariationListing__-","searchResult__item__topRatedListing__-","paginationOutput__pageNumber__-","paginationOutput__entriesPerPage__-","paginationOutput__totalPages__-","paginationOutput__totalEntries__-","itemSearchURL__-"
"Success","1.13.0","2018-07-15T17:38:30.392Z","100","123233595974","Durable Oxford Cloth Random Color Camping Beam Storage Travel Equipment","EBAY-ENCA","163537","Bags & Backpacks","http://thumbs3.ebaystatic.com/m/mezHzQG-VRKvJ23WL1djIOg/140.jpg","http://www.ebay.com/itm/Durable-Oxford-Cloth-Random-Color-Camping-Beam-Storage-Travel-Equipment-/123233595974","PayPal","true","","Hong Kong","HK","USD","0.0","Free","Worldwide","false","false","2","CAD","0.99","USD","0.75","Active","P20DT7H0M25S","false","false","2018-07-06T00:38:55.000Z","2018-08-05T00:38:55.000Z","FixedPrice","false","","true","1000","New with tags","false","false","1","100","66","6584","http://www.ebay.com/sch/i.html?LH_ItemCondition=1&_nkw=Camping+Equipment&_ddo=1&_ipg=100&_pgn=1&_pos=92128&_sop=15&_stpos=92128"
"","","","","263798429632","Water Bottle Climbing Buckle Hook Carabiner Waist Equipment Camping","EBAY-ENCA","50814","Carabiners & Hardware","http://thumbs1.ebaystatic.com/m/mUWLWm_iFMNdTfhQC1eNmmA/140.jpg","http://www.ebay.com/itm/Water-Bottle-Climbing-Buckle-Hook-Carabiner-Waist-Equipment-Camping-/263798429632","PayPal","true","","China","CN","USD","0.0","Free","Worldwide","false","false","2","CAD","1.05","USD","0.8","Active","P20DT6H58M18S","false","false","2018-07-06T00:36:48.000Z","2018-08-05T00:36:48.000Z","FixedPrice","false","","true","1000","New","false","false","","","","",""
"","","","","273307955161","Tent Peg Floor Nail Aluminium Alloy Stake Rope Camping Equipment Outdoor Tool ..","EBAY-ENCA","181076","Other Home & Garden","http://thumbs1.ebaystatic.com/pict/04040_0.jpg","http://www.ebay.com/itm/Tent-Peg-Floor-Nail-Aluminium-Alloy-Stake-Rope-Camping-Equipment-Outdoor-Tool-/273307955161?var=0","PayPal","false","","China","CN","USD","0.08","Flat","Worldwide","false","false","2","CAD","0.99","USD","0.75","Active","P3DT15H13M16S","false","false","2018-06-19T08:51:46.000Z","2018-07-19T08:51:46.000Z","FixedPrice","false","","true","1000","New","true","false","","","","",""
"","","","","273307955161","Tent Peg Floor Nail Aluminium Alloy Stake Rope Camping Equipment Outdoor Tool ..","EBAY-ENCA","181076","Other Home & Garden","http://thumbs2.ebaystatic.com/pict/273307955161404000000001_1.jpg","http://www.ebay.com/itm/Tent-Peg-Floor-Nail-Aluminium-Alloy-Stake-Rope-Camping-Equipment-Outdoor-Tool-/273307955161?var=572660407842","PayPal","false","","China","CN","USD","0.08","Flat","Worldwide","false","false","2","CAD","0.99","USD","0.75","Active","P3DT15H13M16S","false","false","2018-06-19T08:51:46.000Z","2018-07-19T08:51:46.000Z","FixedPrice","false","","true","1000","New","true","false","","","","",""
"","","","","273307955161","Tent Peg Floor Nail Aluminium Alloy Stake Rope Camping Equipment Outdoor Tool ..","EBAY-ENCA","181076","Other Home & Garden","http://thumbs2.ebaystatic.com/pict/273307955161404000000002_1.jpg","http://www.ebay.com/itm/Tent-Peg-Floor-Nail-Aluminium-Alloy-Stake-Rope-Camping-Equipment-Outdoor-Tool-/273307955161?var=572660407844","PayPal","false","","China","CN","USD","0.08","Flat","Worldwide","false","false","2","CAD","0.99","USD","0.75","Active","P3DT15H13M16S","false","false","2018-06-19T08:51:46.000Z","2018-07-19T08:51:46.000Z","FixedPrice","false","","true","1000","New","true","false","","","","",""
"","","","","273307955161","Tent Peg Floor Nail Aluminium Alloy Stake Rope Camping Equipment Outdoor Tool ..","EBAY-ENCA","181076","Other Home & Garden","http://thumbs2.ebaystatic.com/pict/273307955161404000000003_1.jpg","http://www.ebay.com/itm/Tent-Peg-Floor-Nail-Aluminium-Alloy-Stake-Rope-Camping-Equipment-Outdoor-Tool-/273307955161?var=572660407847","PayPal","false","","China","CN","USD","0.08","Flat","Worldwide","false","false","2","CAD","0.99","USD","0.75","Active","P3DT15H13M16S","false","false","2018-06-19T08:51:46.000Z","2018-07-19T08:51:46.000Z","FixedPrice","false","","true","1000","New","true","false","","","","",""
"","","","","312166127159","Camping Equipment Paracord Gallipot Keychain Aluminum Alloy Waterproof Pill Box","EBAY-ENCA","75041","Pill Boxes, Pill Cases","http://thumbs1.ebaystatic.com/pict/04040_0.jpg","http://www.ebay.com/itm/Camping-Equipment-Paracord-Gallipot-Keychain-Aluminum-Alloy-Waterproof-Pill-Box-/312166127159?var=0","PayPal","false","","Hong Kong","HK","USD","0.0","Free","Worldwide","false","false","1","CAD","1.14","USD","0.87","Active","P3DT9H23M52S","false","false","2018-06-19T03:02:22.000Z","2018-07-19T03:02:22.000Z","FixedPrice","false","","true","1000","New","true","false","","","","",""
"","","","","312166127159","Camping Equipment Paracord Gallipot Keychain Aluminum Alloy Waterproof Pill Box","EBAY-ENCA","75041","Pill Boxes, Pill Cases","http://thumbs4.ebaystatic.com/pict/312166127159404000000001_1.jpg","http://www.ebay.com/itm/Camping-Equipment-Paracord-Gallipot-Keychain-Aluminum-Alloy-Waterproof-Pill-Box-/312166127159?var=610845468179","PayPal","false","","Hong Kong","HK","USD","0.0","Free","Worldwide","false","false","1","CAD","1.14","USD","0.87","Active","P3DT9H23M52S","false","false","2018-06-19T03:02:22.000Z","2018-07-19T03:02:22.000Z","FixedPrice","false","","true","1000","New","true","false","","","","",""
"","","","","312166127159","Camping Equipment Paracord Gallipot Keychain Aluminum Alloy Waterproof Pill Box","EBAY-ENCA","75041","Pill Boxes, Pill Cases","http://thumbs4.ebaystatic.com/pict/312166127159404000000002_1.jpg","http://www.ebay.com/itm/Camping-Equipment-Paracord-Gallipot-Keychain-Aluminum-Alloy-Waterproof-Pill-Box-/312166127159?var=610845468180","PayPal","false","","Hong Kong","HK","USD","0.0","Free","Worldwide","false","false","1","CAD","1.14","USD","0.87","Active","P3DT9H23M52S","false","false","2018-06-19T03:02:22.000Z","2018-07-19T03:02:22.000Z","FixedPrice","false","","true","1000","New","true","false","","","","",""
"","","","","312166127159","Camping Equipment Paracord Gallipot Keychain Aluminum Alloy Waterproof Pill Box","EBAY-ENCA","75041","Pill Boxes, Pill Cases","http://thumbs4.ebaystatic.com/pict/312166127159404000000003_1.jpg","http://www.ebay.com/itm/Camping-Equipment-Paracord-Gallipot-Keychain-Aluminum-Alloy-Waterproof-Pill-Box-/312166127159?var=610845468181","PayPal","false","","Hong Kong","HK","USD","0.0","Free","Worldwide","false","false","1","CAD","1.14","USD","0.87","Active","P3DT9H23M52S","false","false","2018-06-19T03:02:22.000Z","2018-07-19T03:02:22.000Z","FixedPrice","false","","true","1000","New","true","false","","","","",""
"","","","","312166127159","Camping Equipment Paracord Gallipot Keychain Aluminum Alloy Waterproof Pill Box","EBAY-ENCA","75041","Pill Boxes, Pill Cases","http://thumbs4.ebaystatic.com/pict/312166127159404000000004_1.jpg","http://www.ebay.com/itm/Camping-Equipment-Paracord-Gallipot-Keychain-Aluminum-Alloy-Waterproof-Pill-Box-/312166127159?var=610845468182","PayPal","false","","Hong Kong","HK","USD","0.0","Free","Worldwide","false","false","1","CAD","1.14","USD","0.87","Active","P3DT9H23M52S","false","false","2018-06-19T03:02:22.000Z","2018-07-19T03:02:22.000Z","FixedPrice","false","","true","1000","New","true","false","","","","",""
"","","","","312166127159","Camping Equipment Paracord Gallipot Keychain Aluminum Alloy Waterproof Pill Box","EBAY-ENCA","75041","Pill Boxes, Pill Cases","http://thumbs4.ebaystatic.com/pict/312166127159404000000005_1.jpg","http://www.ebay.com/itm/Camping-Equipment-Paracord-Gallipot-Keychain-Aluminum-Alloy-Waterproof-Pill-Box-/312166127159?var=610845468183","PayPal","false","","Hong Kong","HK","USD","0.0","Free","Worldwide","false","false","1","CAD","1.14","USD","0.87","Active","P3DT9H23M52S","false","false","2018-06-19T03:02:22.000Z","2018-07-19T03:02:22.000Z","FixedPrice","false","","true","1000","New","true","false","","","","",""
"","","","","312166127159","Camping Equipment Paracord Gallipot Keychain Aluminum Alloy Waterproof Pill Box","EBAY-ENCA","75041","Pill Boxes, Pill Cases","http://thumbs4.ebaystatic.com/pict/312166127159404000000006_1.jpg","http://www.ebay.com/itm/Camping-Equipment-Paracord-Gallipot-Keychain-Aluminum-Alloy-Waterproof-Pill-Box-/312166127159?var=610845468184","PayPal","false","","Hong Kong","HK","USD","0.0","Free","Worldwide","false","false","1","CAD","1.14","USD","0.87","Active","P3DT9H23M52S","false","false","2018-06-19T03:02:22.000Z","2018-07-19T03:02:22.000Z","FixedPrice","false","","true","1000","New","true","false","","","","",""
"","","","","152923929571","Single Finger Knife Outdoor Camping Survival Equipment EDC Tool Car LifesavingeF","EBAY-ENCA","75236","Pocket, Multi Tools","http://thumbs4.ebaystatic.com/m/mc3wWkM0aTIQUlpC1DKiJwA/140.jpg","http://www.ebay.com/itm/Single-Finger-Knife-Outdoor-Camping-Survival-Equipment-EDC-Tool-Car-LifesavingeF-/152923929571","PayPal","false","","China","CN","USD","0.0","Free","Worldwide","false","false","15","CAD","1.17","USD","0.89","Active","P11DT9H46M34S","true","false","2018-02-27T03:25:04.000Z","2018-07-27T03:25:04.000Z","FixedPrice","false","7","true","1000","New","false","false","","","","",""
"","","","","372344295472","Tent Peg Floor Nail Aluminium Alloy Stake Rope Camping Equipment Outdoor Tool LA","EBAY-ENCA","181076","Other Home & Garden","http://thumbs1.ebaystatic.com/pict/04040_0.jpg","http://www.ebay.com/itm/Tent-Peg-Floor-Nail-Aluminium-Alloy-Stake-Rope-Camping-Equipment-Outdoor-Tool-/372344295472?var=0","PayPal","false","","China","CN","USD","0.15","Flat","Worldwide","false","false","15","CAD","0.99","USD","0.75","Active","P6DT21H30M5S","false","false","2018-06-22T15:08:35.000Z","2018-07-22T15:08:35.000Z","FixedPrice","false","","true","1000","New","true","false","","","","",""
"","","","","372344295472","Tent Peg Floor Nail Aluminium Alloy Stake Rope Camping Equipment Outdoor Tool LA","EBAY-ENCA","181076","Other Home & Garden","http://thumbs1.ebaystatic.com/pict/372344295472404000000001_1.jpg","http://www.ebay.com/itm/Tent-Peg-Floor-Nail-Aluminium-Alloy-Stake-Rope-Camping-Equipment-Outdoor-Tool-/372344295472?var=641160178936","PayPal","false","","China","CN","USD","0.15","Flat","Worldwide","false","false","15","CAD","0.99","USD","0.75","Active","P6DT21H30M5S","false","false","2018-06-22T15:08:35.000Z","2018-07-22T15:08:35.000Z","FixedPrice","false","","true","1000","New","true","false","","","","",""
"","","","","372344295472","Tent Peg Floor Nail Aluminium Alloy Stake Rope Camping Equipment Outdoor Tool LA","EBAY-ENCA","181076","Other Home & Garden","http://thumbs1.ebaystatic.com/pict/372344295472404000000002_1.jpg","http://www.ebay.com/itm/Tent-Peg-Floor-Nail-Aluminium-Alloy-Stake-Rope-Camping-Equipment-Outdoor-Tool-/372344295472?var=641160178938","PayPal","false","","China","CN","USD","0.15","Flat","Worldwide","false","false","15","CAD","0.99","USD","0.75","Active","P6DT21H30M5S","false","false","2018-06-22T15:08:35.000Z","2018-07-22T15:08:35.000Z","FixedPrice","false","","true","1000","New","true","false","","","","",""
"","","","","372344295472","Tent Peg Floor Nail Aluminium Alloy Stake Rope Camping Equipment Outdoor Tool LA","EBAY-ENCA","181076","Other Home & Garden","http://thumbs1.ebaystatic.com/pict/372344295472404000000003_1.jpg","http://www.ebay.com/itm/Tent-Peg-Floor-Nail-Aluminium-Alloy-Stake-Rope-Camping-Equipment-Outdoor-Tool-/372344295472?var=641160178940","PayPal","false","","China","CN","USD","0.15","Flat","Worldwide","false","false","15","CAD","0.99","USD","0.75","Active","P6DT21H30M5S","false","false","2018-06-22T15:08:35.000Z","2018-07-22T15:08:35.000Z","FixedPrice","false","","true","1000","New","true","false","","","","",""
"","","","","163119412551","Tent Peg Floor Nail Aluminium Alloy Stake Rope Camping Equipment Outdoor Tool SP","EBAY-ENCA","181076","Other Home & Garden","http://thumbs1.ebaystatic.com/pict/04040_0.jpg","http://www.ebay.com/itm/Tent-Peg-Floor-Nail-Aluminium-Alloy-Stake-Rope-Camping-Equipment-Outdoor-Tool-SP-/163119412551?var=0","PayPal","false","","China","CN","USD","0.15","Flat","Worldwide","false","false","15","CAD","0.99","USD","0.75","Active","P11DT22H11M41S","false","false","2018-06-27T15:50:11.000Z","2018-07-27T15:50:11.000Z","FixedPrice","false","","true","1000","New","true","false","","","","",""
"","","","","163119412551","Tent Peg Floor Nail Aluminium Alloy Stake Rope Camping Equipment Outdoor Tool SP","EBAY-ENCA","181076","Other Home & Garden","http://thumbs4.ebaystatic.com/pict/163119412551404000000001_1.jpg","http://www.ebay.com/itm/Tent-Peg-Floor-Nail-Aluminium-Alloy-Stake-Rope-Camping-Equipment-Outdoor-Tool-SP-/163119412551?var=462280993275","PayPal","false","","China","CN","USD","0.15","Flat","Worldwide","false","false","15","CAD","0.99","USD","0.75","Active","P11DT22H11M41S","false","false","2018-06-27T15:50:11.000Z","2018-07-27T15:50:11.000Z","FixedPrice","false","","true","1000","New","true","false","","","","",""
"","","","","163119412551","Tent Peg Floor Nail Aluminium Alloy Stake Rope Camping Equipment Outdoor Tool SP","EBAY-ENCA","181076","Other Home & Garden","http://thumbs4.ebaystatic.com/pict/163119412551404000000002_1.jpg","http://www.ebay.com/itm/Tent-Peg-Floor-Nail-Aluminium-Alloy-Stake-Rope-Camping-Equipment-Outdoor-Tool-SP-/163119412551?var=462280993277","PayPal","false","","China","CN","USD","0.15","Flat","Worldwide","false","false","15","CAD","0.99","USD","0.75","Active","P11DT22H11M41S","false","false","2018-06-27T15:50:11.000Z","2018-07-27T15:50:11.000Z","FixedPrice","false","","true","1000","New","true","false","","","","",""
"","","","","163119412551","Tent Peg Floor Nail Aluminium Alloy Stake Rope Camping Equipment Outdoor Tool SP","EBAY-ENCA","181076","Other Home & Garden","http://thumbs4.ebaystatic.com/pict/163119412551404000000003_1.jpg","http://www.ebay.com/itm/Tent-Peg-Floor-Nail-Aluminium-Alloy-Stake-Rope-Camping-Equipment-Outdoor-Tool-SP-/163119412551?var=462280993281","PayPal","false","","China","CN","USD","0.15","Flat","Worldwide","false","false","15","CAD","0.99","USD","0.75","Active","P11DT22H11M41S","false","false","2018-06-27T15:50:11.000Z","2018-07-27T15:50:11.000Z","FixedPrice","false","","true","1000","New","true","false","","","","",""
"","","","","183299137458","Tent Peg Floor Nail Aluminium Alloy Stake Rope Camping Equipment Outdoor To BLCA","EBAY-ENCA","181076","Other Home & Garden","http://thumbs1.ebaystatic.com/pict/04040_0.jpg","http://www.ebay.com/itm/Tent-Peg-Floor-Nail-Aluminium-Alloy-Stake-Rope-Camping-Equipment-Outdoor-BLCA-/183299137458?var=0","PayPal","false","","China","CN","USD","0.15","Flat","Worldwide","false","false","5","CAD","0.99","USD","0.75","Active","P15DT4H49M44S","false","false","2018-06-30T22:28:14.000Z","2018-07-30T22:28:14.000Z","FixedPrice","false","","true","1000","New","true","false","","","","",""
"","","","","183299137458","Tent Peg Floor Nail Aluminium Alloy Stake Rope Camping Equipment Outdoor To BLCA","EBAY-ENCA","181076","Other Home & Garden","http://thumbs3.ebaystatic.com/pict/183299137458404000000001_1.jpg","http://www.ebay.com/itm/Tent-Peg-Floor-Nail-Aluminium-Alloy-Stake-Rope-Camping-Equipment-Outdoor-BLCA-/183299137458?var=690596462413","PayPal","false","","China","CN","USD","0.15","Flat","Worldwide","false","false","5","CAD","0.99","USD","0.75","Active","P15DT4H49M44S","false","false","2018-06-30T22:28:14.000Z","2018-07-30T22:28:14.000Z","FixedPrice","false","","true","1000","New","true","false","","","","",""
"","","","","183299137458","Tent Peg Floor Nail Aluminium Alloy Stake Rope Camping Equipment Outdoor To BLCA","EBAY-ENCA","181076","Other Home & Garden","http://thumbs3.ebaystatic.com/pict/183299137458404000000002_1.jpg","http://www.ebay.com/itm/Tent-Peg-Floor-Nail-Aluminium-Alloy-Stake-Rope-Camping-Equipment-Outdoor-BLCA-/183299137458?var=690596462415","PayPal","false","","China","CN","USD","0.15","Flat","Worldwide","false","false","5","CAD","0.99","USD","0.75","Active","P15DT4H49M44S","false","false","2018-06-30T22:28:14.000Z","2018-07-30T22:28:14.000Z","FixedPrice","false","","true","1000","New","true","false","","","","",""
"","","","","183299137458","Tent Peg Floor Nail Aluminium Alloy Stake Rope Camping Equipment Outdoor To BLCA","EBAY-ENCA","181076","Other Home & Garden","http://thumbs3.ebaystatic.com/pict/183299137458404000000003_1.jpg","http://www.ebay.com/itm/Tent-Peg-Floor-Nail-Aluminium-Alloy-Stake-Rope-Camping-Equipment-Outdoor-BLCA-/183299137458?var=690596462417","PayPal","false","","China","CN","USD","0.15","Flat","Worldwide","false","false","5","CAD","0.99","USD","0.75","Active","P15DT4H49M44S","false","false","2018-06-30T22:28:14.000Z","2018-07-30T22:28:14.000Z","FixedPrice","false","","true","1000","New","true","false","","","","",""
"","","","","202356034017","Tent Peg Floor Nail Aluminium Alloy Stake Rope Camping Equipment Outdoor ATCA","EBAY-ENCA","181076","Other Home & Garden","http://thumbs1.ebaystatic.com/pict/04040_0.jpg","http://www.ebay.com/itm/Tent-Peg-Floor-Nail-Aluminium-Alloy-Stake-Rope-Camping-Equipment-Outdoor-ATCA-/202356034017?var=0","PayPal","false","","China","CN","USD","0.15","Flat","Worldwide","false","false","5","CAD","0.99","USD","0.75","Active","P15DT6H38M39S","false","false","2018-07-01T00:17:09.000Z","2018-07-31T00:17:09.000Z","FixedPrice","false","","true","1000","New","true","false","","","","",""
"","","","","202356034017","Tent Peg Floor Nail Aluminium Alloy Stake Rope Camping Equipment Outdoor ATCA","EBAY-ENCA","181076","Other Home & Garden","http://thumbs2.ebaystatic.com/pict/202356034017404000000001_1.jpg","http://www.ebay.com/itm/Tent-Peg-Floor-Nail-Aluminium-Alloy-Stake-Rope-Camping-Equipment-Outdoor-ATCA-/202356034017?var=502340014891","PayPal","false","","China","CN","USD","0.15","Flat","Worldwide","false","false","5","CAD","0.99","USD","0.75","Active","P15DT6H38M39S","false","false","2018-07-01T00:17:09.000Z","2018-07-31T00:17:09.000Z","FixedPrice","false","","true","1000","New","true","false","","","","",""
"","","","","202356034017","Tent Peg Floor Nail Aluminium Alloy Stake Rope Camping Equipment Outdoor ATCA","EBAY-ENCA","181076","Other Home & Garden","http://thumbs2.ebaystatic.com/pict/202356034017404000000002_1.jpg","http://www.ebay.com/itm/Tent-Peg-Floor-Nail-Aluminium-Alloy-Stake-Rope-Camping-Equipment-Outdoor-ATCA-/202356034017?var=502340014893","PayPal","false","","China","CN","USD","0.15","Flat","Worldwide","false","false","5","CAD","0.99","USD","0.75","Active","P15DT6H38M39S","false","false","2018-07-01T00:17:09.000Z","2018-07-31T00:17:09.000Z","FixedPrice","false","","true","1000","New","true","false","","","","",""
"","","","","202356034017","Tent Peg Floor Nail Aluminium Alloy Stake Rope Camping Equipment Outdoor ATCA","EBAY-ENCA","181076","Other Home & Garden","http://thumbs2.ebaystatic.com/pict/202356034017404000000003_1.jpg","http://www.ebay.com/itm/Tent-Peg-Floor-Nail-Aluminium-Alloy-Stake-Rope-Camping-Equipment-Outdoor-ATCA-/202356034017?var=502340014895","PayPal","false","","China","CN","USD","0.15","Flat","Worldwide","false","false","5","CAD","0.99","USD","0.75","Active","P15DT6H38M39S","false","false","2018-07-01T00:17:09.000Z","2018-07-31T00:17:09.000Z","FixedPrice","false","","true","1000","New","true","false","","","","",""
"","","","","123166040295","1pcs Outdoor Camping Equipment Aluminum Carabiner Hunting Equipment Survival TS","EBAY-ENCA","50814","Carabiners & Hardware","http://thumbs4.ebaystatic.com/m/mY8r5HdrqTnowwxRf9Fb54Q/140.jpg","http://www.ebay.com/itm/1pcs-Outdoor-Camping-Equipment-Aluminum-Carabiner-Hunting-Equipment-Survival-TS-/123166040295","PayPal","false","200000","China","CN","USD","0.0","Free","Worldwide","false","false","5","CAD","1.18","USD","0.9","Active","P15DT19H38M34S","false","false","2018-06-01T13:17:04.000Z","2018-07-31T13:17:04.000Z","FixedPrice","false","","true","1000","New","false","false","","","","",""
"","","","","162893294738","Tent Peg Floor Nail Aluminium Alloy Stake Rope Camping Equipment Outdoor Tool LW","EBAY-ENCA","181076","Other Home & Garden","http://thumbs1.ebaystatic.com/pict/04040_0.jpg","http://www.ebay.com/itm/Tent-Peg-Floor-Nail-Aluminium-Alloy-Stake-Rope-Camping-Equipment-Outdoor-Tool-LW-/162893294738?var=0","PayPal","false","","China","CN","USD","0.15","Flat","Worldwide","false","false","15","CAD","0.99","USD","0.75","Active","P22DT23H21M36S","false","false","2018-02-08T17:00:06.000Z","2018-08-07T17:00:06.000Z","FixedPrice","false","4","true","1000","New","true","false","","","","",""
"","","","","162893294738","Tent Peg Floor Nail Aluminium Alloy Stake Rope Camping Equipment Outdoor Tool LW","EBAY-ENCA","181076","Other Home & Garden","http://thumbs3.ebaystatic.com/pict/162893294738404000000001_1.jpg","http://www.ebay.com/itm/Tent-Peg-Floor-Nail-Aluminium-Alloy-Stake-Rope-Camping-Equipment-Outdoor-Tool-LW-/162893294738?var=461947609801","PayPal","false","","China","CN","USD","0.15","Flat","Worldwide","false","false","15","CAD","0.99","USD","0.75","Active","P22DT23H21M36S","false","false","2018-02-08T17:00:06.000Z","2018-08-07T17:00:06.000Z","FixedPrice","false","","true","1000","New","true","false","","","","",""
"","","","","162893294738","Tent Peg Floor Nail Aluminium Alloy Stake Rope Camping Equipment Outdoor Tool LW","EBAY-ENCA","181076","Other Home & Garden","http://thumbs3.ebaystatic.com/pict/162893294738404000000002_1.jpg","http://www.ebay.com/itm/Tent-Peg-Floor-Nail-Aluminium-Alloy-Stake-Rope-Camping-Equipment-Outdoor-Tool-LW-/162893294738?var=461947609803","PayPal","false","","China","CN","USD","0.15","Flat","Worldwide","false","false","15","CAD","0.99","USD","0.75","Active","P22DT23H21M36S","false","false","2018-02-08T17:00:06.000Z","2018-08-07T17:00:06.000Z","FixedPrice","false","","true","1000","New","true","false","","","","",""
"","","","","162893294738","Tent Peg Floor Nail Aluminium Alloy Stake Rope Camping Equipment Outdoor Tool LW","EBAY-ENCA","181076","Other Home & Garden","http://thumbs3.ebaystatic.com/pict/162893294738404000000003_1.jpg","http://www.ebay.com/itm/Tent-Peg-Floor-Nail-Aluminium-Alloy-Stake-Rope-Camping-Equipment-Outdoor-Tool-LW-/162893294738?var=461947609805","PayPal","false","","China","CN","USD","0.15","Flat","Worldwide","false","false","15","CAD","0.99","USD","0.75","Active","P22DT23H21M36S","false","false","2018-02-08T17:00:06.000Z","2018-08-07T17:00:06.000Z","FixedPrice","false","","true","1000","New","true","false","","","","",""
"","","","","183240783023","1pcs Outdoor Camping Equipment Aluminum Carabiner Hunting Equipment SurvivaEC","EBAY-ENCA","50814","Carabiners & Hardware","http://thumbs4.ebaystatic.com/m/micM5j0nFDv05ejhGbI6p2Q/140.jpg","http://www.ebay.com/itm/1pcs-Outdoor-Camping-Equipment-Aluminum-Carabiner-Hunting-Equipment-SurvivaEC-/183240783023","PayPal","false","","China","CN","USD","0.0","Free","Worldwide","false","false","15","CAD","1.2","USD","0.91","Active","P7DT22H1M47S","true","false","2018-05-24T15:40:17.000Z","2018-07-23T15:40:17.000Z","FixedPrice","false","","true","1000","New","false","false","","","","",""
"","","","","222992720917","1pcs Outdoor Camping Equipment Aluminum Carabiner Hunting Equipment Survival Qe","EBAY-ENCA","50814","Carabiners & Hardware","http://thumbs2.ebaystatic.com/m/micM5j0nFDv05ejhGbI6p2Q/140.jpg","http://www.ebay.com/itm/1pcs-Outdoor-Camping-Equipment-Aluminum-Carabiner-Hunting-Equipment-Survival-Qe-/222992720917","PayPal","false","","China","CN","USD","0.0","Free","Worldwide","false","false","15","CAD","1.2","USD","0.91","Active","P9DT7H9M34S","false","false","2018-05-26T00:48:04.000Z","2018-07-25T00:48:04.000Z","FixedPrice","false","","true","1000","New","false","false","","","","",""
"","","","","292579149121","1pcs Outdoor Camping Equipment Aluminum Carabiner Hunting Equipment Survival K0","EBAY-ENCA","50814","Carabiners & Hardware","http://thumbs2.ebaystatic.com/m/micM5j0nFDv05ejhGbI6p2Q/140.jpg","http://www.ebay.com/itm/1pcs-Outdoor-Camping-Equipment-Aluminum-Carabiner-Hunting-Equipment-Survival-K0-/292579149121","PayPal","false","","China","CN","USD","0.0","Free","Worldwide","false","false","15","CAD","1.2","USD","0.91","Active","P9DT8H37M44S","false","false","2018-05-26T02:16:14.000Z","2018-07-25T02:16:14.000Z","FixedPrice","false","","true","1000","New","false","false","","","","",""
"","","","","111843827884","Mini Outdoor Sports Camping Climbing Carabiner Equipment Militery Survival Kit ","EBAY-ENCA","50814","Carabiners & Hardware","http://thumbs1.ebaystatic.com/m/mN5yXE--lDQtvtwQ-tcq-ZQ/140.jpg","http://www.ebay.com/itm/Mini-Outdoor-Sports-Camping-Climbing-Carabiner-Equipment-Militery-Survival-Kit-/111843827884","PayPal","false","","China","CN","USD","0.0","Free","Worldwide","false","false","15","CAD","1.24","USD","0.94","Active","P8DT14H19M50S","true","false","2015-12-07T07:58:20.000Z","2018-07-24T07:58:20.000Z","FixedPrice","false","28","true","1000","New","false","false","","","","",""
"","","","","222994635668","1pcs Outdoor Camping Equipment Aluminum Carabiner Hunting Equipment Survival KK","EBAY-ENCA","50814","Carabiners & Hardware","http://thumbs1.ebaystatic.com/m/mY8r5HdrqTnowwxRf9Fb54Q/140.jpg","http://www.ebay.com/itm/1pcs-Outdoor-Camping-Equipment-Aluminum-Carabiner-Hunting-Equipment-Survival-KK-/222994635668","PayPal","false","","China","CN","USD","0.0","Free","Worldwide","false","false","10","CAD","1.24","USD","0.94","Active","P10DT21H16M34S","false","false","2018-05-27T14:55:04.000Z","2018-07-26T14:55:04.000Z","FixedPrice","false","2","true","1000","New","false","false","","","","",""
"","","","","282985146458","1pcs Outdoor Camping Equipment Aluminum Carabiner Hunting Equipment Survival JB","EBAY-ENCA","50814","Carabiners & Hardware","http://thumbs3.ebaystatic.com/m/mY8r5HdrqTnowwxRf9Fb54Q/140.jpg","http://www.ebay.com/itm/1pcs-Outdoor-Camping-Equipment-Aluminum-Carabiner-Hunting-Equipment-Survival-JB-/282985146458","PayPal","false","","China","CN","USD","0.0","Free","Worldwide","false","false","15","CAD","1.24","USD","0.94","Active","P12DT1H54M34S","true","false","2018-05-28T19:33:04.000Z","2018-07-27T19:33:04.000Z","FixedPrice","false","","true","1000","New","false","false","","","","",""
"","","","","401544502415","1pcs Outdoor Camping Equipment Aluminum Carabiner Hunting Equipment Survival E&F","EBAY-ENCA","50814","Carabiners & Hardware","http://thumbs4.ebaystatic.com/m/mY8r5HdrqTnowwxRf9Fb54Q/140.jpg","http://www.ebay.com/itm/1pcs-Outdoor-Camping-Equipment-Aluminum-Carabiner-Hunting-Equipment-Survival-E-F-/401544502415","PayPal","false","200000","China","CN","USD","0.0","Free","Worldwide","false","false","2","CAD","1.24","USD","0.94","Active","P12DT12H16M17S","true","false","2018-05-29T05:54:47.000Z","2018-07-28T05:54:47.000Z","FixedPrice","false","","true","1000","New","false","false","","","","",""
"","","","","183010049652","1pcs Outdoor Camping Equipment Aluminum Carabiner Hunting Equipment Survival BH","EBAY-ENCA","50814","Carabiners & Hardware","http://thumbs1.ebaystatic.com/m/mY8r5HdrqTnowwxRf9Fb54Q/140.jpg","http://www.ebay.com/itm/1pcs-Outdoor-Camping-Equipment-Aluminum-Carabiner-Hunting-Equipment-Survival-BH-/183010049652","PayPal","false","","China","CN","USD","0.0","Free","Worldwide","false","false","15","CAD","1.24","USD","0.94","Active","P23DT8H52M45S","false","false","2018-01-10T02:31:15.000Z","2018-08-08T02:31:15.000Z","FixedPrice","false","1","true","1000","New","false","false","","","","",""
"","","","","263809869324","Pocket Travel Camping Tools Set Bag Tool Kit Bag Practical Sturdy Equipment 1F03","EBAY-ENCA","42362","Bags, Belts & Pouches","http://thumbs1.ebaystatic.com/m/mAORBUwmmbG4g9ifnSW5ccw/140.jpg","http://www.ebay.com/itm/Pocket-Travel-Camping-Tools-Set-Bag-Tool-Kit-Bag-Practical-Sturdy-Equipment-1F03-/263809869324","PayPal","false","","China","CN","USD","0.0","Free","Worldwide","false","false","1","CAD","1.24","USD","0.94","Active","P26DT4H26M16S","false","false","2018-07-11T22:04:46.000Z","2018-08-10T22:04:46.000Z","FixedPrice","false","1","true","1000","New with tags","false","false","","","","",""
"","","","","163068962785","1pcs Outdoor Camping Equipment Aluminum Carabiner Hunting Equipment Survival LY","EBAY-ENCA","50814","Carabiners & Hardware","http://thumbs2.ebaystatic.com/m/micM5j0nFDv05ejhGbI6p2Q/140.jpg","http://www.ebay.com/itm/1pcs-Outdoor-Camping-Equipment-Aluminum-Carabiner-Hunting-Equipment-Survival-LY-/163068962785","PayPal","false","","China","CN","USD","0.0","Free","Worldwide","false","false","15","CAD","1.25","USD","0.95","Active","P11DT23H21M42S","false","false","2018-05-28T17:00:12.000Z","2018-07-27T17:00:12.000Z","FixedPrice","false","","true","1000","New","false","false","","","","",""
"","","","","153031217468","1pcs Outdoor Camping Equipment Aluminum Carabiner Hunting Equipment SurvivalFF","EBAY-ENCA","50814","Carabiners & Hardware","http://thumbs1.ebaystatic.com/m/micM5j0nFDv05ejhGbI6p2Q/140.jpg","http://www.ebay.com/itm/1pcs-Outdoor-Camping-Equipment-Aluminum-Carabiner-Hunting-Equipment-SurvivalFF-/153031217468","PayPal","false","","China","CN","USD","0.0","Free","Worldwide","false","false","15","CAD","1.26","USD","0.96","Active","P5DT0H43M42S","true","false","2018-05-21T18:22:12.000Z","2018-07-20T18:22:12.000Z","FixedPrice","false","","true","1000","New","false","false","","","","",""
"","","","","352365999165","1pcs Outdoor Camping Equipment Aluminum Carabiner Hunting Equipment Survival TB","EBAY-ENCA","50814","Carabiners & Hardware","http://thumbs2.ebaystatic.com/m/micM5j0nFDv05ejhGbI6p2Q/140.jpg","http://www.ebay.com/itm/1pcs-Outdoor-Camping-Equipment-Aluminum-Carabiner-Hunting-Equipment-Survival-TB-/352365999165","PayPal","false","","China","CN","USD","0.0","Free","Worldwide","false","false","15","CAD","1.26","USD","0.96","Active","P11DT8H23M50S","true","false","2018-05-28T02:02:20.000Z","2018-07-27T02:02:20.000Z","FixedPrice","false","","true","1000","New","false","false","","","","",""
"","","","","113025876864","1pcs Outdoor Camping Equipment Aluminum Carabiner Hunting Equipment Survival RS","EBAY-ENCA","50814","Carabiners & Hardware","http://thumbs1.ebaystatic.com/m/micM5j0nFDv05ejhGbI6p2Q/140.jpg","http://www.ebay.com/itm/1pcs-Outdoor-Camping-Equipment-Aluminum-Carabiner-Hunting-Equipment-Survival-RS-/113025876864","PayPal","false","","China","CN","USD","0.0","Free","Worldwide","false","false","15","CAD","1.26","USD","0.96","Active","P12DT23H22M28S","false","false","2018-05-29T17:00:58.000Z","2018-07-28T17:00:58.000Z","FixedPrice","false","","true","1000","New","false","false","","","","",""
"","","","","162978876572","1pcs Outdoor Camping Equipment Aluminum Carabiner Hunting Equipment Survival&&","EBAY-ENCA","50814","Carabiners & Hardware","http://thumbs1.ebaystatic.com/m/micM5j0nFDv05ejhGbI6p2Q/140.jpg","http://www.ebay.com/itm/1pcs-Outdoor-Camping-Equipment-Aluminum-Carabiner-Hunting-Equipment-Survival-/162978876572","PayPal","false","","China","CN","USD","0.0","Free","Worldwide","false","false","15","CAD","1.26","USD","0.96","Active","P16DT15H13M29S","false","false","2018-04-03T08:51:59.000Z","2018-08-01T08:51:59.000Z","FixedPrice","false","","true","1000","New","false","false","","","","",""
"","","","","173343970084","1pcs Outdoor Camping Equipment Aluminum Carabiner Hunting Equipment Survival CA","EBAY-ENCA","50814","Carabiners & Hardware","http://thumbs1.ebaystatic.com/m/micM5j0nFDv05ejhGbI6p2Q/140.jpg","http://www.ebay.com/itm/1pcs-Outdoor-Camping-Equipment-Aluminum-Carabiner-Hunting-Equipment-Survival-CA-/173343970084","PayPal","false","","China","CN","USD","0.0","Free","Worldwide","false","false","15","CAD","1.28","USD","0.97","Active","P15DT0H25M40S","true","false","2018-05-31T18:04:10.000Z","2018-07-30T18:04:10.000Z","FixedPrice","false","","true","1000","New","false","false","","","","",""
"","","","","283016386315","Outdoor Camping Equipment Carabiner Military Buckle Hunting Equipment Lock","EBAY-US","50814","Carabiners & Hardware","http://thumbs1.ebaystatic.com/pict/04040_0.jpg","http://www.ebay.com/itm/Outdoor-Camping-Equipment-Carabiner-Military-Buckle-Hunting-Equipment-Lock-/283016386315?var=0","PayPal","true","","China","CN","USD","0.0","Free","Worldwide","false","false","10","USD","0.99","USD","0.99","Active","P4DT14H55M13S","false","false","2018-06-20T08:33:43.000Z","2018-07-20T08:33:43.000Z","FixedPrice","false","","true","1000","New","true","false","","","","",""
"","","","","283016386315","Outdoor Camping Equipment Carabiner Military Buckle Hunting Equipment Lock","EBAY-US","50814","Carabiners & Hardware","http://thumbs4.ebaystatic.com/pict/2830163863154040_1.jpg","http://www.ebay.com/itm/Outdoor-Camping-Equipment-Carabiner-Military-Buckle-Hunting-Equipment-Lock-/283016386315?var=583380942826","PayPal","true","","China","CN","USD","0.0","Free","Worldwide","false","false","10","USD","0.99","USD","0.99","Active","P4DT14H55M13S","false","false","2018-06-20T08:33:43.000Z","2018-07-20T08:33:43.000Z","FixedPrice","false","","true","1000","New","true","false","","","","",""
"","","","","283016386315","Outdoor Camping Equipment Carabiner Military Buckle Hunting Equipment Lock","EBAY-US","50814","Carabiners & Hardware","http://thumbs4.ebaystatic.com/pict/2830163863154040_1.jpg","http://www.ebay.com/itm/Outdoor-Camping-Equipment-Carabiner-Military-Buckle-Hunting-Equipment-Lock-/283016386315?var=583380942829","PayPal","true","","China","CN","USD","0.0","Free","Worldwide","false","false","10","USD","0.99","USD","0.99","Active","P4DT14H55M13S","false","false","2018-06-20T08:33:43.000Z","2018-07-20T08:33:43.000Z","FixedPrice","false","","true","1000","New","true","false","","","","",""
"","","","","283016386315","Outdoor Camping Equipment Carabiner Military Buckle Hunting Equipment Lock","EBAY-US","50814","Carabiners & Hardware","http://thumbs4.ebaystatic.com/pict/2830163863154040_1.jpg","http://www.ebay.com/itm/Outdoor-Camping-Equipment-Carabiner-Military-Buckle-Hunting-Equipment-Lock-/283016386315?var=583380942832","PayPal","true","","China","CN","USD","0.0","Free","Worldwide","false","false","10","USD","0.99","USD","0.99","Active","P4DT14H55M13S","false","false","2018-06-20T08:33:43.000Z","2018-07-20T08:33:43.000Z","FixedPrice","false","","true","1000","New","true","false","","","","",""
"","","","","222805169498","Tent Peg Floor Nail Aluminium Alloy Stake Rope Camping Equipment Outdoor TooPLBD","EBAY-US","181076","Other Home & Garden","http://thumbs1.ebaystatic.com/pict/04040_0.jpg","http://www.ebay.com/itm/Tent-Peg-Floor-Nail-Aluminium-Alloy-Stake-Rope-Camping-Equipment-Outdoor-TooPLBD-/222805169498?var=0","PayPal","false","","China","CN","USD","0.0","Free","Worldwide","false","false","2","USD","0.99","USD","0.99","Active","P4DT22H26M21S","false","false","2018-01-21T16:04:51.000Z","2018-07-20T16:04:51.000Z","FixedPrice","false","3","true","1000","New","true","false","","","","",""
"","","","","222805169498","Tent Peg Floor Nail Aluminium Alloy Stake Rope Camping Equipment Outdoor TooPLBD","EBAY-US","181076","Other Home & Garden","http://thumbs3.ebaystatic.com/pict/222805169498404000000002_1.jpg","http://www.ebay.com/itm/Tent-Peg-Floor-Nail-Aluminium-Alloy-Stake-Rope-Camping-Equipment-Outdoor-TooPLBD-/222805169498?var=521654617510","PayPal","false","","China","CN","USD","0.0","Free","Worldwide","false","false","2","USD","0.99","USD","0.99","Active","P4DT22H26M21S","false","false","2018-01-21T16:04:51.000Z","2018-07-20T16:04:51.000Z","FixedPrice","false","","true","1000","New","true","false","","","","",""
"","","","","222805169498","Tent Peg Floor Nail Aluminium Alloy Stake Rope Camping Equipment Outdoor TooPLBD","EBAY-US","181076","Other Home & Garden","http://thumbs3.ebaystatic.com/pict/222805169498404000000003_1.jpg","http://www.ebay.com/itm/Tent-Peg-Floor-Nail-Aluminium-Alloy-Stake-Rope-Camping-Equipment-Outdoor-TooPLBD-/222805169498?var=521654617512","PayPal","false","","China","CN","USD","0.0","Free","Worldwide","false","false","2","USD","0.99","USD","0.99","Active","P4DT22H26M21S","false","false","2018-01-21T16:04:51.000Z","2018-07-20T16:04:51.000Z","FixedPrice","false","","true","1000","New","true","false","","","","",""
"","","","","222805169498","Tent Peg Floor Nail Aluminium Alloy Stake Rope Camping Equipment Outdoor TooPLBD","EBAY-US","181076","Other Home & Garden","http://thumbs3.ebaystatic.com/pict/222805169498404000000004_1.jpg","http://www.ebay.com/itm/Tent-Peg-Floor-Nail-Aluminium-Alloy-Stake-Rope-Camping-Equipment-Outdoor-TooPLBD-/222805169498?var=521654617514","PayPal","false","","China","CN","USD","0.0","Free","Worldwide","false","false","2","USD","0.99","USD","0.99","Active","P4DT22H26M21S","false","false","2018-01-21T16:04:51.000Z","2018-07-20T16:04:51.000Z","FixedPrice","false","","true","1000","New","true","false","","","","",""
"","","","","232573342815","1pcs Outdoor Camping Equipment Aluminum Carabiner Hunting Equipment Survival ''","EBAY-US","50814","Carabiners & Hardware","http://thumbs4.ebaystatic.com/m/mWmH3jKwVv8Zq12BxNotGgg/140.jpg","http://www.ebay.com/itm/1pcs-Outdoor-Camping-Equipment-Aluminum-Carabiner-Hunting-Equipment-Survival-/232573342815","PayPal","false","","China","CN","USD","0.0","Free","Worldwide","false","false","2","USD","0.99","USD","0.99","Active","P6DT12H30M6S","true","false","2017-11-24T06:08:36.000Z","2018-07-22T06:08:36.000Z","FixedPrice","false","","true","1000","New","false","false","","","","",""
"","","","","282979341402","Mini Bottle Opener Keychain Tools Outdoor Camping Equipment Pocket Lightweigh H1","EBAY-US","75236","Pocket, Multi Tools","http://thumbs3.ebaystatic.com/pict/2829793414024040_0.jpg","http://www.ebay.com/itm/Mini-Bottle-Opener-Keychain-Tools-Outdoor-Camping-Equipment-Pocket-Lightweigh-H1-/282979341402","PayPal","false","","Hong Kong","HK","USD","0.0","Free","Worldwide","false","false","2","USD","0.99","USD","0.99","Active","P7DT12H30M15S","false","false","2018-05-24T06:08:45.000Z","2018-07-23T06:08:45.000Z","FixedPrice","false","","true","1000","New","false","false","","","","",""
"","","","","252449269820","Camping Equipment Master Lock D Shape Buckle Lock Rock Climbing Buckle Hot","EBAY-US","310","Other Sporting Goods","http://thumbs1.ebaystatic.com/pict/04040_0.jpg","http://www.ebay.com/itm/Camping-Equipment-Master-Lock-D-Shape-Buckle-Lock-Rock-Climbing-Buckle-Hot-/252449269820?var=0","PayPal","false","","China","CN","USD","0.0","Free","Worldwide","false","false","1","USD","0.99","USD","0.99","Active","P8DT20H53M34S","false","false","2016-07-04T14:32:04.000Z","2018-07-24T14:32:04.000Z","FixedPrice","false","","true","1500","New other (see details)","true","false","","","","",""
"","","","","252449269820","Camping Equipment Master Lock D Shape Buckle Lock Rock Climbing Buckle Hot","EBAY-US","310","Other Sporting Goods","http://thumbs1.ebaystatic.com/pict/252449269820404000000001_1.jpg","http://www.ebay.com/itm/Camping-Equipment-Master-Lock-D-Shape-Buckle-Lock-Rock-Climbing-Buckle-Hot-/252449269820?var=551311694857","PayPal","false","","China","CN","USD","0.0","Free","Worldwide","false","false","1","USD","0.99","USD","0.99","Active","P8DT20H53M34S","false","false","2016-07-04T14:32:04.000Z","2018-07-24T14:32:04.000Z","FixedPrice","false","","true","1500","New other (see details)","true","false","","","","",""
"","","","","252449269820","Camping Equipment Master Lock D Shape Buckle Lock Rock Climbing Buckle Hot","EBAY-US","310","Other Sporting Goods","http://thumbs1.ebaystatic.com/pict/252449269820404000000002_1.jpg","http://www.ebay.com/itm/Camping-Equipment-Master-Lock-D-Shape-Buckle-Lock-Rock-Climbing-Buckle-Hot-/252449269820?var=551311694858","PayPal","false","","China","CN","USD","0.0","Free","Worldwide","false","false","1","USD","0.99","USD","0.99","Active","P8DT20H53M34S","false","false","2016-07-04T14:32:04.000Z","2018-07-24T14:32:04.000Z","FixedPrice","false","","true","1500","New other (see details)","true","false","","","","",""
"","","","","252449269820","Camping Equipment Master Lock D Shape Buckle Lock Rock Climbing Buckle Hot","EBAY-US","310","Other Sporting Goods","http://thumbs1.ebaystatic.com/pict/252449269820404000000003_1.jpg","http://www.ebay.com/itm/Camping-Equipment-Master-Lock-D-Shape-Buckle-Lock-Rock-Climbing-Buckle-Hot-/252449269820?var=551311694859","PayPal","false","","China","CN","USD","0.0","Free","Worldwide","false","false","1","USD","0.99","USD","0.99","Active","P8DT20H53M34S","false","false","2016-07-04T14:32:04.000Z","2018-07-24T14:32:04.000Z","FixedPrice","false","","true","1500","New other (see details)","true","false","","","","",""
"","","","","252449269820","Camping Equipment Master Lock D Shape Buckle Lock Rock Climbing Buckle Hot","EBAY-US","310","Other Sporting Goods","http://thumbs1.ebaystatic.com/pict/252449269820404000000004_1.jpg","http://www.ebay.com/itm/Camping-Equipment-Master-Lock-D-Shape-Buckle-Lock-Rock-Climbing-Buckle-Hot-/252449269820?var=551311694860","PayPal","false","","China","CN","USD","0.0","Free","Worldwide","false","false","1","USD","0.99","USD","0.99","Active","P8DT20H53M34S","false","false","2016-07-04T14:32:04.000Z","2018-07-24T14:32:04.000Z","FixedPrice","false","1","true","1500","New other (see details)","true","false","","","","",""
"","","","","252449269820","Camping Equipment Master Lock D Shape Buckle Lock Rock Climbing Buckle Hot","EBAY-US","310","Other Sporting Goods","http://thumbs1.ebaystatic.com/pict/252449269820404000000005_1.jpg","http://www.ebay.com/itm/Camping-Equipment-Master-Lock-D-Shape-Buckle-Lock-Rock-Climbing-Buckle-Hot-/252449269820?var=551311694861","PayPal","false","","China","CN","USD","0.0","Free","Worldwide","false","false","1","USD","0.99","USD","0.99","Active","P8DT20H53M34S","false","false","2016-07-04T14:32:04.000Z","2018-07-24T14:32:04.000Z","FixedPrice","false","","true","1500","New other (see details)","true","false","","","","",""
"","","","","232646977349","1pcs Outdoor Camping Equipment Aluminum Carabiner Hunting Equipment Survival HU","EBAY-US","50814","Carabiners & Hardware","http://thumbs2.ebaystatic.com/m/micM5j0nFDv05ejhGbI6p2Q/140.jpg","http://www.ebay.com/itm/1pcs-Outdoor-Camping-Equipment-Aluminum-Carabiner-Hunting-Equipment-Survival-HU-/232646977349","PayPal","false","","China","CN","USD","0.0","Free","Worldwide","false","false","2","USD","0.99","USD","0.99","Active","P12DT11H33M33S","false","false","2018-01-29T05:12:03.000Z","2018-07-28T05:12:03.000Z","FixedPrice","false","","true","1000","New","false","false","","","","",""
"","","","","202325394988","Pocket Travel Camping Tools Set Bag Tool Kit Bag Practical Sturdy Equipment","EBAY-ENCA","42362","Bags, Belts & Pouches","http://thumbs1.ebaystatic.com/m/m-c6ayJceg1SRFn06sTeKSQ/140.jpg","http://www.ebay.com/itm/Pocket-Travel-Camping-Tools-Set-Bag-Tool-Kit-Bag-Practical-Sturdy-Equipment-/202325394988","PayPal","true","","Hong Kong","HK","USD","0.0","Free","Worldwide","false","false","4","CAD","1.3","USD","0.99","Active","P12DT17H26M19S","false","false","2018-05-29T11:04:49.000Z","2018-07-28T11:04:49.000Z","FixedPrice","false","","true","1000","New with tags","false","false","","","","",""
"","","","","391806063923","Outdoor Camping Equipment Carabiner Military Buckle Hunting Equipment Lock","EBAY-US","86647","Belt Buckles","http://thumbs1.ebaystatic.com/pict/04040_0.jpg","http://www.ebay.com/itm/Outdoor-Camping-Equipment-Carabiner-Military-Buckle-Hunting-Equipment-Lock-/391806063923?var=0","PayPal","true","","China","CN","USD","0.0","Free","Worldwide","false","false","3","USD","0.99","USD","0.99","Active","P14DT15H7M35S","false","false","2017-06-05T08:46:05.000Z","2018-07-30T08:46:05.000Z","FixedPrice","false","94","true","1000","New with tags","true","false","","","","",""
"","","","","391806063923","Outdoor Camping Equipment Carabiner Military Buckle Hunting Equipment Lock","EBAY-US","86647","Belt Buckles","http://thumbs4.ebaystatic.com/pict/3918060639234040_2.jpg","http://www.ebay.com/itm/Outdoor-Camping-Equipment-Carabiner-Military-Buckle-Hunting-Equipment-Lock-/391806063923?var=660823243035","PayPal","true","","China","CN","USD","0.0","Free","Worldwide","false","false","3","USD","0.99","USD","0.99","Active","P14DT15H7M35S","false","false","2017-06-05T08:46:05.000Z","2018-07-30T08:46:05.000Z","FixedPrice","false","51","true","1000","New with tags","true","false","","","","",""
"","","","","391806063923","Outdoor Camping Equipment Carabiner Military Buckle Hunting Equipment Lock","EBAY-US","86647","Belt Buckles","http://thumbs4.ebaystatic.com/pict/3918060639234040_2.jpg","http://www.ebay.com/itm/Outdoor-Camping-Equipment-Carabiner-Military-Buckle-Hunting-Equipment-Lock-/391806063923?var=660823243036","PayPal","true","","China","CN","USD","0.0","Free","Worldwide","false","false","3","USD","0.99","USD","0.99","Active","P14DT15H7M35S","false","false","2017-06-05T08:46:05.000Z","2018-07-30T08:46:05.000Z","FixedPrice","false","18","true","1000","New with tags","true","false","","","","",""
"","","","","391806063923","Outdoor Camping Equipment Carabiner Military Buckle Hunting Equipment Lock","EBAY-US","86647","Belt Buckles","http://thumbs4.ebaystatic.com/pict/3918060639234040_2.jpg","http://www.ebay.com/itm/Outdoor-Camping-Equipment-Carabiner-Military-Buckle-Hunting-Equipment-Lock-/391806063923?var=660823243037","PayPal","true","","China","CN","USD","0.0","Free","Worldwide","false","false","3","USD","0.99","USD","0.99","Active","P14DT15H7M35S","false","false","2017-06-05T08:46:05.000Z","2018-07-30T08:46:05.000Z","FixedPrice","false","24","true","1000","New with tags","true","false","","","","",""
"","","","","222961761140","1pcs Outdoor Camping Equipment Aluminum Carabiner Hunting Equipment Survival EP","EBAY-US","50814","Carabiners & Hardware","http://thumbs1.ebaystatic.com/m/micM5j0nFDv05ejhGbI6p2Q/140.jpg","http://www.ebay.com/itm/1pcs-Outdoor-Camping-Equipment-Aluminum-Carabiner-Hunting-Equipment-Survival-EP-/222961761140","PayPal","false","","China","CN","USD","0.0","Free","Worldwide","false","false","2","USD","0.99","USD","0.99","Active","P15DT8H55M43S","false","false","2018-05-02T02:34:13.000Z","2018-07-31T02:34:13.000Z","FixedPrice","false","","true","1000","New","false","false","","","","",""
"","","","","123110216190","Mini Bottle Opener Keychain Tools Outdoor Camping Equipment Pocket Lightwei W2Q4","EBAY-US","75236","Pocket, Multi Tools","http://thumbs3.ebaystatic.com/m/mQ8-aP0CZLy5zvS06HPLBLQ/140.jpg","http://www.ebay.com/itm/Mini-Bottle-Opener-Keychain-Tools-Outdoor-Camping-Equipment-Pocket-Lightwei-W2Q4-/123110216190","PayPal","false","","Hong Kong","HK","USD","0.0","Free","Worldwide","false","false","2","USD","0.99","USD","0.99","Active","P15DT9H32M39S","false","false","2018-05-02T03:11:09.000Z","2018-07-31T03:11:09.000Z","FixedPrice","false","","true","1000","New","false","false","","","","",""
"","","","","263652993837","Outdoor Camping Equipment Carabiner Military Buckle Hunting Equipment Lock","EBAY-US","86647","Belt Buckles","http://thumbs1.ebaystatic.com/pict/04040_0.jpg","http://www.ebay.com/itm/Outdoor-Camping-Equipment-Carabiner-Military-Buckle-Hunting-Equipment-Lock-/263652993837?var=0","PayPal","false","","China","CN","USD","0.0","Free","Worldwide","false","false","30","USD","0.99","USD","0.99","Active","P15DT13H13M25S","false","false","2018-05-02T06:51:55.000Z","2018-07-31T06:51:55.000Z","FixedPrice","false","5","true","1000","New with tags","true","false","","","","",""
"","","","","263652993837","Outdoor Camping Equipment Carabiner Military Buckle Hunting Equipment Lock","EBAY-US","86647","Belt Buckles","http://thumbs2.ebaystatic.com/pict/2636529938374040_1.jpg","http://www.ebay.com/itm/Outdoor-Camping-Equipment-Carabiner-Military-Buckle-Hunting-Equipment-Lock-/263652993837?var=562758319763","PayPal","false","","China","CN","USD","0.0","Free","Worldwide","false","false","30","USD","0.99","USD","0.99","Active","P15DT13H13M25S","false","false","2018-05-02T06:51:55.000Z","2018-07-31T06:51:55.000Z","FixedPrice","false","3","true","1000","New with tags","true","false","","","","",""
"","","","","263652993837","Outdoor Camping Equipment Carabiner Military Buckle Hunting Equipment Lock","EBAY-US","86647","Belt Buckles","http://thumbs2.ebaystatic.com/pict/2636529938374040_1.jpg","http://www.ebay.com/itm/Outdoor-Camping-Equipment-Carabiner-Military-Buckle-Hunting-Equipment-Lock-/263652993837?var=562758319765","PayPal","false","","China","CN","USD","0.0","Free","Worldwide","false","false","30","USD","0.99","USD","0.99","Active","P15DT13H13M25S","false","false","2018-05-02T06:51:55.000Z","2018-07-31T06:51:55.000Z","FixedPrice","false","","true","1000","New with tags","true","false","","","","",""
"","","","","263652993837","Outdoor Camping Equipment Carabiner Military Buckle Hunting Equipment Lock","EBAY-US","86647","Belt Buckles","http://thumbs2.ebaystatic.com/pict/2636529938374040_1.jpg","http://www.ebay.com/itm/Outdoor-Camping-Equipment-Carabiner-Military-Buckle-Hunting-Equipment-Lock-/263652993837?var=562758319767","PayPal","false","","China","CN","USD","0.0","Free","Worldwide","false","false","30","USD","0.99","USD","0.99","Active","P15DT13H13M25S","false","false","2018-05-02T06:51:55.000Z","2018-07-31T06:51:55.000Z","FixedPrice","false","2","true","1000","New with tags","true","false","","","","",""
"","","","","323285377224","Camping Equipment Sound Emergency Whistle Outdoor Tool Rescue Whistle Survival","EBAY-US","181415","Other Emergency Gear","http://thumbs1.ebaystatic.com/m/mO0dt82EBnpa6bgEOEV8RDw/140.jpg","http://www.ebay.com/itm/Camping-Equipment-Sound-Emergency-Whistle-Outdoor-Tool-Rescue-Whistle-Survival-/323285377224","PayPal","false","","China","CN","USD","0.0","Free","Worldwide","false","false","1","USD","0.99","USD","0.99","Active","P17DT8H0M47S","false","false","2018-06-03T01:39:17.000Z","2018-08-02T01:39:17.000Z","FixedPrice","false","2","true","1000","New","false","false","","","","",""
"","","","","332609468559","Mini Bottle Opener Keychain Outdoor Camping Equipment Lightweight Tools U7Z2","EBAY-US","75236","Pocket, Multi Tools","http://thumbs4.ebaystatic.com/m/mtwqe7KyjYdoErEo94iTL-w/140.jpg","http://www.ebay.com/itm/Mini-Bottle-Opener-Keychain-Outdoor-Camping-Equipment-Lightweight-Tools-U7Z2-/332609468559","PayPal","false","","Hong Kong","HK","USD","0.0","Free","Worldwide","false","false","2","USD","0.99","USD","0.99","Active","P17DT12H42M14S","false","false","2018-04-04T06:20:44.000Z","2018-08-02T06:20:44.000Z","FixedPrice","false","1","true","1000","New","false","false","","","","",""
"","","","","253540291005","Mini Bottle Opener Keychain Outdoor Camping Equipment Lightweight Tools W6E9","EBAY-US","75236","Pocket, Multi Tools","http://thumbs2.ebaystatic.com/m/mtwqe7KyjYdoErEo94iTL-w/140.jpg","http://www.ebay.com/itm/Mini-Bottle-Opener-Keychain-Outdoor-Camping-Equipment-Lightweight-Tools-W6E9-/253540291005","PayPal","false","","Hong Kong","HK","USD","0.0","Free","Worldwide","false","false","2","USD","0.99","USD","0.99","Active","P17DT20H38M58S","false","false","2018-04-04T14:17:28.000Z","2018-08-02T14:17:28.000Z","FixedPrice","false","1","true","1000","New","false","false","","","","",""
"","","","","401470867519","Tent Peg Floor Nail Aluminium Alloy Stake Rope Camping Equipment Outdoor Tool EF","EBAY-US","181076","Other Home & Garden","http://thumbs1.ebaystatic.com/pict/04040_0.jpg","http://www.ebay.com/itm/Tent-Peg-Floor-Nail-Aluminium-Alloy-Stake-Rope-Camping-Equipment-Outdoor-Tool-EF-/401470867519?var=0","PayPal","false","","China","CN","USD","0.0","Free","Worldwide","false","false","2","USD","0.99","USD","0.99","Active","P17DT23H56M24S","false","false","2018-01-04T17:34:54.000Z","2018-08-02T17:34:54.000Z","FixedPrice","false","","true","1000","New","true","false","","","","",""
"","","","","401470867519","Tent Peg Floor Nail Aluminium Alloy Stake Rope Camping Equipment Outdoor Tool EF","EBAY-US","181076","Other Home & Garden","http://thumbs4.ebaystatic.com/pict/401470867519404000000002_1.jpg","http://www.ebay.com/itm/Tent-Peg-Floor-Nail-Aluminium-Alloy-Stake-Rope-Camping-Equipment-Outdoor-Tool-EF-/401470867519?var=671139797358","PayPal","false","","China","CN","USD","0.0","Free","Worldwide","false","false","2","USD","0.99","USD","0.99","Active","P17DT23H56M24S","false","false","2018-01-04T17:34:54.000Z","2018-08-02T17:34:54.000Z","FixedPrice","false","","true","1000","New","true","false","","","","",""
"","","","","401470867519","Tent Peg Floor Nail Aluminium Alloy Stake Rope Camping Equipment Outdoor Tool EF","EBAY-US","181076","Other Home & Garden","http://thumbs4.ebaystatic.com/pict/401470867519404000000003_1.jpg","http://www.ebay.com/itm/Tent-Peg-Floor-Nail-Aluminium-Alloy-Stake-Rope-Camping-Equipment-Outdoor-Tool-EF-/401470867519?var=671139797360","PayPal","false","","China","CN","USD","0.0","Free","Worldwide","false","false","2","USD","0.99","USD","0.99","Active","P17DT23H56M24S","false","false","2018-01-04T17:34:54.000Z","2018-08-02T17:34:54.000Z","FixedPrice","false","","true","1000","New","true","false","","","","",""
"","","","","401470867519","Tent Peg Floor Nail Aluminium Alloy Stake Rope Camping Equipment Outdoor Tool EF","EBAY-US","181076","Other Home & Garden","http://thumbs4.ebaystatic.com/pict/401470867519404000000004_1.jpg","http://www.ebay.com/itm/Tent-Peg-Floor-Nail-Aluminium-Alloy-Stake-Rope-Camping-Equipment-Outdoor-Tool-EF-/401470867519?var=671139797362","PayPal","false","","China","CN","USD","0.0","Free","Worldwide","false","false","2","USD","0.99","USD","0.99","Active","P17DT23H56M24S","false","false","2018-01-04T17:34:54.000Z","2018-08-02T17:34:54.000Z","FixedPrice","false","","true","1000","New","true","false","","","","",""
"","","","","152390126080","Camping Equipment Outdoor Tool Emergency Whistle Survival Rescue Whistle","EBAY-US","181415","Other Emergency Gear","http://thumbs1.ebaystatic.com/m/mJ5j9uJsseyfY7Q4tKJs8NA/140.jpg","http://www.ebay.com/itm/Camping-Equipment-Outdoor-Tool-Emergency-Whistle-Survival-Rescue-Whistle-/152390126080","PayPal","false","","China","CN","USD","0.0","Free","Worldwide","false","false","1","USD","0.99","USD","0.99","Active","P18DT5H48M43S","false","false","2017-01-09T23:27:13.000Z","2018-08-02T23:27:13.000Z","FixedPrice","false","1","true","1000","New","false","false","","","","",""
"","","","","202361565396","Small Bags Travel Equipment Camping Small Pocket Storage Package Portable","EBAY-US","163537","Bags & Backpacks","http://thumbs1.ebaystatic.com/m/mi9I2MmxDXM61IdC1WZ1g0g/140.jpg","http://www.ebay.com/itm/Small-Bags-Travel-Equipment-Camping-Small-Pocket-Storage-Package-Portable-/202361565396","PayPal","true","","Hong Kong","HK","USD","0.0","Free","Worldwide","false","false","2","USD","0.99","USD","0.99","Active","P20DT6H35M14S","false","false","2018-07-06T00:13:44.000Z","2018-08-05T00:13:44.000Z","FixedPrice","false","","true","1000","New with tags","false","false","","","","",""
"","","","","263799102993","Outdoor Camping Ultimate Survival Rescue Kits Equipment Signal Sound Whistle","EBAY-US","181415","Other Emergency Gear","http://thumbs2.ebaystatic.com/m/mbcEtZQ-ZadbQ7pY27qfWcQ/140.jpg","http://www.ebay.com/itm/Outdoor-Camping-Ultimate-Survival-Rescue-Kits-Equipment-Signal-Sound-Whistle-/263799102993","PayPal","true","","China","CN","USD","0.0","Free","Worldwide","false","false","2","USD","0.99","USD","0.99","Active","P20DT15H20M0S","false","false","2018-07-06T08:58:30.000Z","2018-08-05T08:58:30.000Z","FixedPrice","false","","true","1000","New","false","false","","","","",""
"","","","","132162519131","Tent Peg Floor Nail Aluminium Alloy Stake Rope Camping Equipment Outdoor Tool TS","EBAY-US","181076","Other Home & Garden","http://thumbs1.ebaystatic.com/pict/04040_0.jpg","http://www.ebay.com/itm/Tent-Peg-Floor-Nail-Aluminium-Alloy-Stake-Rope-Camping-Equipment-Outdoor-Tool-TS-/132162519131?var=0","PayPal","false","","China","CN","USD","0.0","Free","Worldwide","false","false","2","USD","0.99","USD","0.99","Active","P26DT2H3M38S","false","false","2017-04-17T19:42:08.000Z","2018-08-10T19:42:08.000Z","FixedPrice","false","","true","1000","New","true","false","","","","",""
"","","","","132162519131","Tent Peg Floor Nail Aluminium Alloy Stake Rope Camping Equipment Outdoor Tool TS","EBAY-US","181076","Other Home & Garden","http://thumbs4.ebaystatic.com/pict/132162519131404000000002_2.jpg","http://www.ebay.com/itm/Tent-Peg-Floor-Nail-Aluminium-Alloy-Stake-Rope-Camping-Equipment-Outdoor-Tool-TS-/132162519131?var=431500194697","PayPal","false","","China","CN","USD","0.0","Free","Worldwide","false","false","2","USD","0.99","USD","0.99","Active","P26DT2H3M38S","false","false","2017-04-17T19:42:08.000Z","2018-08-10T19:42:08.000Z","FixedPrice","false","","true","1000","New","true","false","","","","",""
"","","","","132162519131","Tent Peg Floor Nail Aluminium Alloy Stake Rope Camping Equipment Outdoor Tool TS","EBAY-US","181076","Other Home & Garden","http://thumbs4.ebaystatic.com/pict/132162519131404000000003_2.jpg","http://www.ebay.com/itm/Tent-Peg-Floor-Nail-Aluminium-Alloy-Stake-Rope-Camping-Equipment-Outdoor-Tool-TS-/132162519131?var=431500194699","PayPal","false","","China","CN","USD","0.0","Free","Worldwide","false","false","2","USD","0.99","USD","0.99","Active","P26DT2H3M38S","false","false","2017-04-17T19:42:08.000Z","2018-08-10T19:42:08.000Z","FixedPrice","false","","true","1000","New","true","false","","","","",""
"","","","","132162519131","Tent Peg Floor Nail Aluminium Alloy Stake Rope Camping Equipment Outdoor Tool TS","EBAY-US","181076","Other Home & Garden","http://thumbs4.ebaystatic.com/pict/132162519131404000000004_2.jpg","http://www.ebay.com/itm/Tent-Peg-Floor-Nail-Aluminium-Alloy-Stake-Rope-Camping-Equipment-Outdoor-Tool-TS-/132162519131?var=431500194701","PayPal","false","","China","CN","USD","0.0","Free","Worldwide","false","false","2","USD","0.99","USD","0.99","Active","P26DT2H3M38S","false","false","2017-04-17T19:42:08.000Z","2018-08-10T19:42:08.000Z","FixedPrice","false","","true","1000","New","true","false","","","","",""
"","","","","273353432386","Camping Carabiner Water Bottle Waist Hook Buckle Holder Climbing Equipment 81ED","EBAY-US","50814","Carabiners & Hardware","http://thumbs3.ebaystatic.com/m/mUWLWm_iFMNdTfhQC1eNmmA/140.jpg","http://www.ebay.com/itm/Camping-Carabiner-Water-Bottle-Waist-Hook-Buckle-Holder-Climbing-Equipment-81ED-/273353432386","PayPal","false","","China","CN","USD","0.0","Free","Worldwide","false","false","1","USD","0.99","USD","0.99","Active","P27DT15H34M26S","false","false","2018-07-13T09:12:56.000Z","2018-08-12T09:12:56.000Z","FixedPrice","false","","true","1000","New","false","false","","","","",""
"","","","","302804914367","1 Pc Outdoor Sports Camping Jumping Tent Rope Knotting Buckle Portable Equipment","EBAY-US","181415","Other Emergency Gear","http://thumbs4.ebaystatic.com/m/mjpzbg2NDk07Rm324U5Gm2g/140.jpg","http://www.ebay.com/itm/1-Pc-Outdoor-Sports-Camping-Jumping-Tent-Rope-Knotting-Buckle-Portable-Equipment-/302804914367","PayPal","false","","China","CN","USD","0.0","Free","Worldwide","false","false","2","USD","0.99","USD","0.99","Active","P28DT14H47M28S","false","false","2018-07-14T08:25:58.000Z","2018-08-13T08:25:58.000Z","FixedPrice","false","","true","1000","New","false","false","","","","",""
"","","","","202362594794","Outdoor Camping Training Military Belt Buckle Hunting Lock Equipment Carabiner","EBAY-ENCA","86647","Belt Buckles","http://thumbs1.ebaystatic.com/pict/04040_0.jpg","http://www.ebay.com/itm/Outdoor-Camping-Training-Military-Belt-Buckle-Hunting-Lock-Equipment-Carabiner-/202362594794?var=0","PayPal","false","","Hong Kong","HK","USD","0.0","Free","Worldwide","false","false","1","CAD","1.32","USD","1.0","Active","P21DT8H23M43S","false","false","2018-07-07T02:02:13.000Z","2018-08-06T02:02:13.000Z","FixedPrice","false","1","true","1000","New with tags","true","false","","","","",""
"","","","","202362594794","Outdoor Camping Training Military Belt Buckle Hunting Lock Equipment Carabiner","EBAY-ENCA","86647","Belt Buckles","http://thumbs3.ebaystatic.com/pict/202362594794404000000001_1.jpg","http://www.ebay.com/itm/Outdoor-Camping-Training-Military-Belt-Buckle-Hunting-Lock-Equipment-Carabiner-/202362594794?var=502349523598","PayPal","false","","Hong Kong","HK","USD","0.0","Free","Worldwide","false","false","1","CAD","1.32","USD","1.0","Active","P21DT8H23M43S","false","false","2018-07-07T02:02:13.000Z","2018-08-06T02:02:13.000Z","FixedPrice","false","","true","1000","New with tags","true","false","","","","",""
"","","","","202362594794","Outdoor Camping Training Military Belt Buckle Hunting Lock Equipment Carabiner","EBAY-ENCA","86647","Belt Buckles","http://thumbs3.ebaystatic.com/pict/202362594794404000000002_1.jpg","http://www.ebay.com/itm/Outdoor-Camping-Training-Military-Belt-Buckle-Hunting-Lock-Equipment-Carabiner-/202362594794?var=502349523599","PayPal","false","","Hong Kong","HK","USD","0.0","Free","Worldwide","false","false","1","CAD","1.32","USD","1.0","Active","P21DT8H23M43S","false","false","2018-07-07T02:02:13.000Z","2018-08-06T02:02:13.000Z","FixedPrice","false","1","true","1000","New with tags","true","false","","","","",""
"","","","","202362594794","Outdoor Camping Training Military Belt Buckle Hunting Lock Equipment Carabiner","EBAY-ENCA","86647","Belt Buckles","http://thumbs3.ebaystatic.com/pict/202362594794404000000003_1.jpg","http://www.ebay.com/itm/Outdoor-Camping-Training-Military-Belt-Buckle-Hunting-Lock-Equipment-Carabiner-/202362594794?var=502349523600","PayPal","false","","Hong Kong","HK","USD","0.0","Free","Worldwide","false","false","1","CAD","1.32","USD","1.0","Active","P21DT8H23M43S","false","false","2018-07-07T02:02:13.000Z","2018-08-06T02:02:13.000Z","FixedPrice","false","","true","1000","New with tags","true","false","","","","",""
"","","","","182865437015","Single Finger Knife Outdoor Camping Survival Equipment EDC Tool Car LifesavingeC","EBAY-ENCA","75236","Pocket, Multi Tools","http://thumbs4.ebaystatic.com/m/mc3wWkM0aTIQUlpC1DKiJwA/140.jpg","http://www.ebay.com/itm/Single-Finger-Knife-Outdoor-Camping-Survival-Equipment-EDC-Tool-Car-LifesavingeC-/182865437015","PayPal","false","","China","CN","USD","0.23","Flat","Worldwide","false","false","15","CAD","1.03","USD","0.78","Active","P11DT21H35M35S","true","false","2017-10-30T15:14:05.000Z","2018-07-27T15:14:05.000Z","FixedPrice","false","9","true","1000","New","false","false","","","","",""
"","","","","152969857371","Portable EDC Mini Bottle Opener Outdoor Camping Equipment Lightweight Tool New","EBAY-US","75236","Pocket, Multi Tools","http://thumbs4.ebaystatic.com/m/mKXNV90gUVLO_cSboSYTecg/140.jpg","http://www.ebay.com/itm/Portable-EDC-Mini-Bottle-Opener-Outdoor-Camping-Equipment-Lightweight-Tool-New-/152969857371","PayPal","false","","Hong Kong","HK","USD","0.0","Free","Worldwide","false","false","1","USD","1.01","USD","1.01","Active","P16DT15H41M39S","false","false","2018-04-03T09:20:09.000Z","2018-08-01T09:20:09.000Z","FixedPrice","false","1","true","1000","New","false","false","","","","",""
